alias,checkpoint,write_objective,step,direction,component,mean,reconstruction_token_accuracy,token_count,gradient_norm_mean,example_count,token_accuracy,exact_match
energy-success,/cephfs/home/mkairov/gradim/energy_shaping/runs/mix-N8-K2V2-V62_1M/energygradmem_llama_L4H4D256_mem8_K2_ilr0.4_energy_grad_second_stepalign0.1_iread0.1_bs_64_lr_1e-04_fp32/run_2/checkpoint-833500,energy,0,B,energy_key,3309.380010900186,0.014112903225806451,1984,1285.8026270712576,124,1.0,1.0
energy-success,/cephfs/home/mkairov/gradim/energy_shaping/runs/mix-N8-K2V2-V62_1M/energygradmem_llama_L4H4D256_mem8_K2_ilr0.4_energy_grad_second_stepalign0.1_iread0.1_bs_64_lr_1e-04_fp32/run_2/checkpoint-833500,energy,0,B,energy_value,3377.1892616056834,0.005544354838709678,1984,1285.8026270712576,124,1.0,1.0
energy-success,/cephfs/home/mkairov/gradim/energy_shaping/runs/mix-N8-K2V2-V62_1M/energygradmem_llama_L4H4D256_mem8_K2_ilr0.4_energy_grad_second_stepalign0.1_iread0.1_bs_64_lr_1e-04_fp32/run_2/checkpoint-833500,energy,0,B,reconstruction_key,8.330510199069977,0.014112903225806451,1984,1285.8026270712576,124,1.0,1.0
energy-success,/cephfs/home/mkairov/gradim/energy_shaping/runs/mix-N8-K2V2-V62_1M/energygradmem_llama_L4H4D256_mem8_K2_ilr0.4_energy_grad_second_stepalign0.1_iread0.1_bs_64_lr_1e-04_fp32/run_2/checkpoint-833500,energy,0,B,reconstruction_value,14.715536529483694,0.005544354838709678,1984,1285.8026270712576,124,1.0,1.0
energy-success,/cephfs/home/mkairov/gradim/energy_shaping/runs/mix-N8-K2V2-V62_1M/energygradmem_llama_L4H4D256_mem8_K2_ilr0.4_energy_grad_second_stepalign0.1_iread0.1_bs_64_lr_1e-04_fp32/run_2/checkpoint-833500,energy,0,F,energy_key,2035.299889131865,0.005681818181818182,2112,1120.850595185251,132,0.9545454545454546,0.9090909090909091
energy-success,/cephfs/home/mkairov/gradim/energy_shaping/runs/mix-N8-K2V2-V62_1M/energygradmem_llama_L4H4D256_mem8_K2_ilr0.4_energy_grad_second_stepalign0.1_iread0.1_bs_64_lr_1e-04_fp32/run_2/checkpoint-833500,energy,0,F,energy_value,3644.5098240881257,0.005681818181818182,2112,1120.850595185251,132,0.9545454545454546,0.9090909090909091
energy-success,/cephfs/home/mkairov/gradim/energy_shaping/runs/mix-N8-K2V2-V62_1M/energygradmem_llama_L4H4D256_mem8_K2_ilr0.4_energy_grad_second_stepalign0.1_iread0.1_bs_64_lr_1e-04_fp32/run_2/checkpoint-833500,energy,0,F,reconstruction_key,15.649378288875926,0.005681818181818182,2112,1120.850595185251,132,0.9545454545454546,0.9090909090909091
energy-success,/cephfs/home/mkairov/gradim/energy_shaping/runs/mix-N8-K2V2-V62_1M/energygradmem_llama_L4H4D256_mem8_K2_ilr0.4_energy_grad_second_stepalign0.1_iread0.1_bs_64_lr_1e-04_fp32/run_2/checkpoint-833500,energy,0,F,reconstruction_value,7.618271569128741,0.005681818181818182,2112,1120.850595185251,132,0.9545454545454546,0.9090909090909091
energy-success,/cephfs/home/mkairov/gradim/energy_shaping/runs/mix-N8-K2V2-V62_1M/energygradmem_llama_L4H4D256_mem8_K2_ilr0.4_energy_grad_second_stepalign0.1_iread0.1_bs_64_lr_1e-04_fp32/run_2/checkpoint-833500,energy,1,B,energy_key,4666.298190175081,0.0,1984,76.84601654544953,124,1.0,1.0
energy-success,/cephfs/home/mkairov/gradim/energy_shaping/runs/mix-N8-K2V2-V62_1M/energygradmem_llama_L4H4D256_mem8_K2_ilr0.4_energy_grad_second_stepalign0.1_iread0.1_bs_64_lr_1e-04_fp32/run_2/checkpoint-833500,energy,1,B,energy_value,5504.138349323984,0.021169354838709676,1984,76.84601654544953,124,1.0,1.0
energy-success,/cephfs/home/mkairov/gradim/energy_shaping/runs/mix-N8-K2V2-V62_1M/energygradmem_llama_L4H4D256_mem8_K2_ilr0.4_energy_grad_second_stepalign0.1_iread0.1_bs_64_lr_1e-04_fp32/run_2/checkpoint-833500,energy,1,B,reconstruction_key,8.417268300789498,0.0,1984,76.84601654544953,124,1.0,1.0
energy-success,/cephfs/home/mkairov/gradim/energy_shaping/runs/mix-N8-K2V2-V62_1M/energygradmem_llama_L4H4D256_mem8_K2_ilr0.4_energy_grad_second_stepalign0.1_iread0.1_bs_64_lr_1e-04_fp32/run_2/checkpoint-833500,energy,1,B,reconstruction_value,11.465637189640594,0.021169354838709676,1984,76.84601654544953,124,1.0,1.0
energy-success,/cephfs/home/mkairov/gradim/energy_shaping/runs/mix-N8-K2V2-V62_1M/energygradmem_llama_L4H4D256_mem8_K2_ilr0.4_energy_grad_second_stepalign0.1_iread0.1_bs_64_lr_1e-04_fp32/run_2/checkpoint-833500,energy,1,F,energy_key,7764.624596328446,0.0,2112,93.52936172485352,132,0.9545454545454546,0.9090909090909091
energy-success,/cephfs/home/mkairov/gradim/energy_shaping/runs/mix-N8-K2V2-V62_1M/energygradmem_llama_L4H4D256_mem8_K2_ilr0.4_energy_grad_second_stepalign0.1_iread0.1_bs_64_lr_1e-04_fp32/run_2/checkpoint-833500,energy,1,F,energy_value,8941.458072651516,0.04876893939393939,2112,93.52936172485352,132,0.9545454545454546,0.9090909090909091
energy-success,/cephfs/home/mkairov/gradim/energy_shaping/runs/mix-N8-K2V2-V62_1M/energygradmem_llama_L4H4D256_mem8_K2_ilr0.4_energy_grad_second_stepalign0.1_iread0.1_bs_64_lr_1e-04_fp32/run_2/checkpoint-833500,energy,1,F,reconstruction_key,14.129935849683754,0.0,2112,93.52936172485352,132,0.9545454545454546,0.9090909090909091
energy-success,/cephfs/home/mkairov/gradim/energy_shaping/runs/mix-N8-K2V2-V62_1M/energygradmem_llama_L4H4D256_mem8_K2_ilr0.4_energy_grad_second_stepalign0.1_iread0.1_bs_64_lr_1e-04_fp32/run_2/checkpoint-833500,energy,1,F,reconstruction_value,6.147932280352025,0.04876893939393939,2112,93.52936172485352,132,0.9545454545454546,0.9090909090909091
energy-success,/cephfs/home/mkairov/gradim/energy_shaping/runs/mix-N8-K2V2-V62_1M/energygradmem_llama_L4H4D256_mem8_K2_ilr0.4_energy_grad_second_stepalign0.1_iread0.1_bs_64_lr_1e-04_fp32/run_2/checkpoint-833500,energy,2,B,energy_key,2673.7687247744816,0.0005040322580645161,1984,40.43249104099889,124,1.0,1.0
energy-success,/cephfs/home/mkairov/gradim/energy_shaping/runs/mix-N8-K2V2-V62_1M/energygradmem_llama_L4H4D256_mem8_K2_ilr0.4_energy_grad_second_stepalign0.1_iread0.1_bs_64_lr_1e-04_fp32/run_2/checkpoint-833500,energy,2,B,energy_value,3254.287838855777,0.028729838709677418,1984,40.43249104099889,124,1.0,1.0
energy-success,/cephfs/home/mkairov/gradim/energy_shaping/runs/mix-N8-K2V2-V62_1M/energygradmem_llama_L4H4D256_mem8_K2_ilr0.4_energy_grad_second_stepalign0.1_iread0.1_bs_64_lr_1e-04_fp32/run_2/checkpoint-833500,energy,2,B,reconstruction_key,7.567871615350727,0.0005040322580645161,1984,40.43249104099889,124,1.0,1.0
energy-success,/cephfs/home/mkairov/gradim/energy_shaping/runs/mix-N8-K2V2-V62_1M/energygradmem_llama_L4H4D256_mem8_K2_ilr0.4_energy_grad_second_stepalign0.1_iread0.1_bs_64_lr_1e-04_fp32/run_2/checkpoint-833500,energy,2,B,reconstruction_value,10.792265796641736,0.028729838709677418,1984,40.43249104099889,124,1.0,1.0
energy-success,/cephfs/home/mkairov/gradim/energy_shaping/runs/mix-N8-K2V2-V62_1M/energygradmem_llama_L4H4D256_mem8_K2_ilr0.4_energy_grad_second_stepalign0.1_iread0.1_bs_64_lr_1e-04_fp32/run_2/checkpoint-833500,energy,2,F,energy_key,4681.505469415853,0.0,2112,42.77840744365346,132,0.9545454545454546,0.9090909090909091
energy-success,/cephfs/home/mkairov/gradim/energy_shaping/runs/mix-N8-K2V2-V62_1M/energygradmem_llama_L4H4D256_mem8_K2_ilr0.4_energy_grad_second_stepalign0.1_iread0.1_bs_64_lr_1e-04_fp32/run_2/checkpoint-833500,energy,2,F,energy_value,6239.6183918594825,0.1553030303030303,2112,42.77840744365346,132,0.9545454545454546,0.9090909090909091
energy-success,/cephfs/home/mkairov/gradim/energy_shaping/runs/mix-N8-K2V2-V62_1M/energygradmem_llama_L4H4D256_mem8_K2_ilr0.4_energy_grad_second_stepalign0.1_iread0.1_bs_64_lr_1e-04_fp32/run_2/checkpoint-833500,energy,2,F,reconstruction_key,13.520465235649185,0.0,2112,42.77840744365346,132,0.9545454545454546,0.9090909090909091
energy-success,/cephfs/home/mkairov/gradim/energy_shaping/runs/mix-N8-K2V2-V62_1M/energygradmem_llama_L4H4D256_mem8_K2_ilr0.4_energy_grad_second_stepalign0.1_iread0.1_bs_64_lr_1e-04_fp32/run_2/checkpoint-833500,energy,2,F,reconstruction_value,5.163944564511196,0.1553030303030303,2112,42.77840744365346,132,0.9545454545454546,0.9090909090909091
energy-failed,/cephfs/home/mkairov/gradim/energy_shaping/runs/mix-N8-K2V2-V62_1M/energygradmem_llama_L4H4D256_mem8_K2_ilr0.4_energy_grad_second_stepalign0.1_iread0.1_bs_64_lr_1e-04_fp32/run_1/checkpoint-308500,energy,0,B,energy_key,1827.847061157238,0.007056451612903226,1984,724.1850876346712,124,0.5685483870967742,0.16129032258064516
energy-failed,/cephfs/home/mkairov/gradim/energy_shaping/runs/mix-N8-K2V2-V62_1M/energygradmem_llama_L4H4D256_mem8_K2_ilr0.4_energy_grad_second_stepalign0.1_iread0.1_bs_64_lr_1e-04_fp32/run_1/checkpoint-308500,energy,0,B,energy_value,3642.634613775438,0.0045362903225806455,1984,724.1850876346712,124,0.5685483870967742,0.16129032258064516
energy-failed,/cephfs/home/mkairov/gradim/energy_shaping/runs/mix-N8-K2V2-V62_1M/energygradmem_llama_L4H4D256_mem8_K2_ilr0.4_energy_grad_second_stepalign0.1_iread0.1_bs_64_lr_1e-04_fp32/run_1/checkpoint-308500,energy,0,B,reconstruction_key,6.994448651769949,0.007056451612903226,1984,724.1850876346712,124,0.5685483870967742,0.16129032258064516
energy-failed,/cephfs/home/mkairov/gradim/energy_shaping/runs/mix-N8-K2V2-V62_1M/energygradmem_llama_L4H4D256_mem8_K2_ilr0.4_energy_grad_second_stepalign0.1_iread0.1_bs_64_lr_1e-04_fp32/run_1/checkpoint-308500,energy,0,B,reconstruction_value,32.668139654962765,0.0045362903225806455,1984,724.1850876346712,124,0.5685483870967742,0.16129032258064516
energy-failed,/cephfs/home/mkairov/gradim/energy_shaping/runs/mix-N8-K2V2-V62_1M/energygradmem_llama_L4H4D256_mem8_K2_ilr0.4_energy_grad_second_stepalign0.1_iread0.1_bs_64_lr_1e-04_fp32/run_1/checkpoint-308500,energy,0,F,energy_key,1.3313452896079417e-21,0.008522727272727272,2112,710.6628140536221,132,0.5340909090909091,0.10606060606060606
energy-failed,/cephfs/home/mkairov/gradim/energy_shaping/runs/mix-N8-K2V2-V62_1M/energygradmem_llama_L4H4D256_mem8_K2_ilr0.4_energy_grad_second_stepalign0.1_iread0.1_bs_64_lr_1e-04_fp32/run_1/checkpoint-308500,energy,0,F,energy_value,3656.7383392796373,0.00946969696969697,2112,710.6628140536221,132,0.5340909090909091,0.10606060606060606
energy-failed,/cephfs/home/mkairov/gradim/energy_shaping/runs/mix-N8-K2V2-V62_1M/energygradmem_llama_L4H4D256_mem8_K2_ilr0.4_energy_grad_second_stepalign0.1_iread0.1_bs_64_lr_1e-04_fp32/run_1/checkpoint-308500,energy,0,F,reconstruction_key,6.139036427872877,0.008522727272727272,2112,710.6628140536221,132,0.5340909090909091,0.10606060606060606
energy-failed,/cephfs/home/mkairov/gradim/energy_shaping/runs/mix-N8-K2V2-V62_1M/energygradmem_llama_L4H4D256_mem8_K2_ilr0.4_energy_grad_second_stepalign0.1_iread0.1_bs_64_lr_1e-04_fp32/run_1/checkpoint-308500,energy,0,F,reconstruction_value,6.713437474530303,0.00946969696969697,2112,710.6628140536221,132,0.5340909090909091,0.10606060606060606
energy-failed,/cephfs/home/mkairov/gradim/energy_shaping/runs/mix-N8-K2V2-V62_1M/energygradmem_llama_L4H4D256_mem8_K2_ilr0.4_energy_grad_second_stepalign0.1_iread0.1_bs_64_lr_1e-04_fp32/run_1/checkpoint-308500,energy,1,B,energy_key,1383.612574246622,0.008064516129032258,1984,143.60825784744756,124,0.5685483870967742,0.16129032258064516
energy-failed,/cephfs/home/mkairov/gradim/energy_shaping/runs/mix-N8-K2V2-V62_1M/energygradmem_llama_L4H4D256_mem8_K2_ilr0.4_energy_grad_second_stepalign0.1_iread0.1_bs_64_lr_1e-04_fp32/run_1/checkpoint-308500,energy,1,B,energy_value,3872.097993173907,0.02721774193548387,1984,143.60825784744756,124,0.5685483870967742,0.16129032258064516
energy-failed,/cephfs/home/mkairov/gradim/energy_shaping/runs/mix-N8-K2V2-V62_1M/energygradmem_llama_L4H4D256_mem8_K2_ilr0.4_energy_grad_second_stepalign0.1_iread0.1_bs_64_lr_1e-04_fp32/run_1/checkpoint-308500,energy,1,B,reconstruction_key,11.839891594793317,0.008064516129032258,1984,143.60825784744756,124,0.5685483870967742,0.16129032258064516
energy-failed,/cephfs/home/mkairov/gradim/energy_shaping/runs/mix-N8-K2V2-V62_1M/energygradmem_llama_L4H4D256_mem8_K2_ilr0.4_energy_grad_second_stepalign0.1_iread0.1_bs_64_lr_1e-04_fp32/run_1/checkpoint-308500,energy,1,B,reconstruction_value,25.398004120957335,0.02721774193548387,1984,143.60825784744756,124,0.5685483870967742,0.16129032258064516
energy-failed,/cephfs/home/mkairov/gradim/energy_shaping/runs/mix-N8-K2V2-V62_1M/energygradmem_llama_L4H4D256_mem8_K2_ilr0.4_energy_grad_second_stepalign0.1_iread0.1_bs_64_lr_1e-04_fp32/run_1/checkpoint-308500,energy,1,F,energy_key,1406.5816768732939,0.006628787878787879,2112,139.82969544150612,132,0.5340909090909091,0.10606060606060606
energy-failed,/cephfs/home/mkairov/gradim/energy_shaping/runs/mix-N8-K2V2-V62_1M/energygradmem_llama_L4H4D256_mem8_K2_ilr0.4_energy_grad_second_stepalign0.1_iread0.1_bs_64_lr_1e-04_fp32/run_1/checkpoint-308500,energy,1,F,energy_value,3960.840092341105,0.05823863636363636,2112,139.82969544150612,132,0.5340909090909091,0.10606060606060606
energy-failed,/cephfs/home/mkairov/gradim/energy_shaping/runs/mix-N8-K2V2-V62_1M/energygradmem_llama_L4H4D256_mem8_K2_ilr0.4_energy_grad_second_stepalign0.1_iread0.1_bs_64_lr_1e-04_fp32/run_1/checkpoint-308500,energy,1,F,reconstruction_key,26.271523890398605,0.006628787878787879,2112,139.82969544150612,132,0.5340909090909091,0.10606060606060606
energy-failed,/cephfs/home/mkairov/gradim/energy_shaping/runs/mix-N8-K2V2-V62_1M/energygradmem_llama_L4H4D256_mem8_K2_ilr0.4_energy_grad_second_stepalign0.1_iread0.1_bs_64_lr_1e-04_fp32/run_1/checkpoint-308500,energy,1,F,reconstruction_value,9.272070912344997,0.05823863636363636,2112,139.82969544150612,132,0.5340909090909091,0.10606060606060606
energy-failed,/cephfs/home/mkairov/gradim/energy_shaping/runs/mix-N8-K2V2-V62_1M/energygradmem_llama_L4H4D256_mem8_K2_ilr0.4_energy_grad_second_stepalign0.1_iread0.1_bs_64_lr_1e-04_fp32/run_1/checkpoint-308500,energy,2,B,energy_key,883.83004947156,0.009576612903225807,1984,56.31439418177451,124,0.5685483870967742,0.16129032258064516
energy-failed,/cephfs/home/mkairov/gradim/energy_shaping/runs/mix-N8-K2V2-V62_1M/energygradmem_llama_L4H4D256_mem8_K2_ilr0.4_energy_grad_second_stepalign0.1_iread0.1_bs_64_lr_1e-04_fp32/run_1/checkpoint-308500,energy,2,B,energy_value,1792.4755721288732,0.041834677419354836,1984,56.31439418177451,124,0.5685483870967742,0.16129032258064516
energy-failed,/cephfs/home/mkairov/gradim/energy_shaping/runs/mix-N8-K2V2-V62_1M/energygradmem_llama_L4H4D256_mem8_K2_ilr0.4_energy_grad_second_stepalign0.1_iread0.1_bs_64_lr_1e-04_fp32/run_1/checkpoint-308500,energy,2,B,reconstruction_key,8.933099409056481,0.009576612903225807,1984,56.31439418177451,124,0.5685483870967742,0.16129032258064516
energy-failed,/cephfs/home/mkairov/gradim/energy_shaping/runs/mix-N8-K2V2-V62_1M/energygradmem_llama_L4H4D256_mem8_K2_ilr0.4_energy_grad_second_stepalign0.1_iread0.1_bs_64_lr_1e-04_fp32/run_1/checkpoint-308500,energy,2,B,reconstruction_value,23.08725197634844,0.041834677419354836,1984,56.31439418177451,124,0.5685483870967742,0.16129032258064516
energy-failed,/cephfs/home/mkairov/gradim/energy_shaping/runs/mix-N8-K2V2-V62_1M/energygradmem_llama_L4H4D256_mem8_K2_ilr0.4_energy_grad_second_stepalign0.1_iread0.1_bs_64_lr_1e-04_fp32/run_1/checkpoint-308500,energy,2,F,energy_key,953.1006214278025,0.004734848484848485,2112,55.60453562303023,132,0.5340909090909091,0.10606060606060606
energy-failed,/cephfs/home/mkairov/gradim/energy_shaping/runs/mix-N8-K2V2-V62_1M/energygradmem_llama_L4H4D256_mem8_K2_ilr0.4_energy_grad_second_stepalign0.1_iread0.1_bs_64_lr_1e-04_fp32/run_1/checkpoint-308500,energy,2,F,energy_value,1952.184840578226,0.07149621212121213,2112,55.60453562303023,132,0.5340909090909091,0.10606060606060606
energy-failed,/cephfs/home/mkairov/gradim/energy_shaping/runs/mix-N8-K2V2-V62_1M/energygradmem_llama_L4H4D256_mem8_K2_ilr0.4_energy_grad_second_stepalign0.1_iread0.1_bs_64_lr_1e-04_fp32/run_1/checkpoint-308500,energy,2,F,reconstruction_key,24.146923286127716,0.004734848484848485,2112,55.60453562303023,132,0.5340909090909091,0.10606060606060606
energy-failed,/cephfs/home/mkairov/gradim/energy_shaping/runs/mix-N8-K2V2-V62_1M/energygradmem_llama_L4H4D256_mem8_K2_ilr0.4_energy_grad_second_stepalign0.1_iread0.1_bs_64_lr_1e-04_fp32/run_1/checkpoint-308500,energy,2,F,reconstruction_value,6.560733173897043,0.07149621212121213,2112,55.60453562303023,132,0.5340909090909091,0.10606060606060606
gradmem,/cephfs/home/mkairov/gradim/energy_shaping/runs/mix-N8-K2V2-V62_1M/gradmem_llama_L4H4D256_mem8_K2_ilr0.4_grad_second_bs_64_lr_1e-04_fp32_init_llama/run_1/checkpoint-69000,reconstruction,0,B,reconstruction_key,4.650315545619495,0.0,1984,2.191958685075083,124,0.5766129032258065,0.1532258064516129
gradmem,/cephfs/home/mkairov/gradim/energy_shaping/runs/mix-N8-K2V2-V62_1M/gradmem_llama_L4H4D256_mem8_K2_ilr0.4_grad_second_bs_64_lr_1e-04_fp32_init_llama/run_1/checkpoint-69000,reconstruction,0,B,reconstruction_value,4.226253294175671,0.011088709677419355,1984,2.191958685075083,124,0.5766129032258065,0.1532258064516129
gradmem,/cephfs/home/mkairov/gradim/energy_shaping/runs/mix-N8-K2V2-V62_1M/gradmem_llama_L4H4D256_mem8_K2_ilr0.4_grad_second_bs_64_lr_1e-04_fp32_init_llama/run_1/checkpoint-69000,reconstruction,0,F,reconstruction_key,4.343778490117102,0.0,2112,2.615677033409928,132,1.0,1.0
gradmem,/cephfs/home/mkairov/gradim/energy_shaping/runs/mix-N8-K2V2-V62_1M/gradmem_llama_L4H4D256_mem8_K2_ilr0.4_grad_second_bs_64_lr_1e-04_fp32_init_llama/run_1/checkpoint-69000,reconstruction,0,F,reconstruction_value,4.472281357104128,0.0,2112,2.615677033409928,132,1.0,1.0
gradmem,/cephfs/home/mkairov/gradim/energy_shaping/runs/mix-N8-K2V2-V62_1M/gradmem_llama_L4H4D256_mem8_K2_ilr0.4_grad_second_bs_64_lr_1e-04_fp32_init_llama/run_1/checkpoint-69000,reconstruction,1,B,reconstruction_key,4.632917089928543,0.0,1984,0.45319863312667413,124,0.5766129032258065,0.1532258064516129
gradmem,/cephfs/home/mkairov/gradim/energy_shaping/runs/mix-N8-K2V2-V62_1M/gradmem_llama_L4H4D256_mem8_K2_ilr0.4_grad_second_bs_64_lr_1e-04_fp32_init_llama/run_1/checkpoint-69000,reconstruction,1,B,reconstruction_value,1.6064460077961427,0.5645161290322581,1984,0.45319863312667413,124,0.5766129032258065,0.1532258064516129
gradmem,/cephfs/home/mkairov/gradim/energy_shaping/runs/mix-N8-K2V2-V62_1M/gradmem_llama_L4H4D256_mem8_K2_ilr0.4_grad_second_bs_64_lr_1e-04_fp32_init_llama/run_1/checkpoint-69000,reconstruction,1,F,reconstruction_key,4.352864309693828,0.0,2112,0.7762634550983255,132,1.0,1.0
gradmem,/cephfs/home/mkairov/gradim/energy_shaping/runs/mix-N8-K2V2-V62_1M/gradmem_llama_L4H4D256_mem8_K2_ilr0.4_grad_second_bs_64_lr_1e-04_fp32_init_llama/run_1/checkpoint-69000,reconstruction,1,F,reconstruction_value,1.1136724124415636,0.7514204545454546,2112,0.7762634550983255,132,1.0,1.0
gradmem,/cephfs/home/mkairov/gradim/energy_shaping/runs/mix-N8-K2V2-V62_1M/gradmem_llama_L4H4D256_mem8_K2_ilr0.4_grad_second_bs_64_lr_1e-04_fp32_init_llama/run_1/checkpoint-69000,reconstruction,2,B,reconstruction_key,4.621530624166612,0.0,1984,0.31213966444615393,124,0.5766129032258065,0.1532258064516129
gradmem,/cephfs/home/mkairov/gradim/energy_shaping/runs/mix-N8-K2V2-V62_1M/gradmem_llama_L4H4D256_mem8_K2_ilr0.4_grad_second_bs_64_lr_1e-04_fp32_init_llama/run_1/checkpoint-69000,reconstruction,2,B,reconstruction_value,1.427463250876885,0.5680443548387096,1984,0.31213966444615393,124,0.5766129032258065,0.1532258064516129
gradmem,/cephfs/home/mkairov/gradim/energy_shaping/runs/mix-N8-K2V2-V62_1M/gradmem_llama_L4H4D256_mem8_K2_ilr0.4_grad_second_bs_64_lr_1e-04_fp32_init_llama/run_1/checkpoint-69000,reconstruction,2,F,reconstruction_key,4.338365743896275,0.0,2112,0.4346529080560713,132,1.0,1.0
gradmem,/cephfs/home/mkairov/gradim/energy_shaping/runs/mix-N8-K2V2-V62_1M/gradmem_llama_L4H4D256_mem8_K2_ilr0.4_grad_second_bs_64_lr_1e-04_fp32_init_llama/run_1/checkpoint-69000,reconstruction,2,F,reconstruction_value,0.6443792803205944,0.9839015151515151,2112,0.4346529080560713,132,1.0,1.0
